-- phpMyAdmin SQL Dump
-- version 4.9.2
-- https://www.phpmyadmin.net/
--
-- Host: 127.0.0.1
-- Generation Time: Feb 09, 2020 at 04:40 PM
-- Server version: 10.4.8-MariaDB
-- PHP Version: 7.4.1

SET SQL_MODE = "NO_AUTO_VALUE_ON_ZERO";
SET AUTOCOMMIT = 0;
START TRANSACTION;
SET time_zone = "+00:00";


/*!40101 SET @OLD_CHARACTER_SET_CLIENT=@@CHARACTER_SET_CLIENT */;
/*!40101 SET @OLD_CHARACTER_SET_RESULTS=@@CHARACTER_SET_RESULTS */;
/*!40101 SET @OLD_COLLATION_CONNECTION=@@COLLATION_CONNECTION */;
/*!40101 SET NAMES utf8mb4 */;

--
-- Database: `java`
--

-- --------------------------------------------------------

--
-- Table structure for table `questions`
--

CREATE TABLE `questions` (
  `id` int(11) NOT NULL,
  `question_set_id` int(11) DEFAULT NULL,
  `question` varchar(191) NOT NULL,
  `answer_1` varchar(191) NOT NULL,
  `answer_2` varchar(191) NOT NULL,
  `answer_3` varchar(191) NOT NULL,
  `answer_4` varchar(191) NOT NULL,
  `correct_answer` varchar(4) NOT NULL
) ENGINE=InnoDB DEFAULT CHARSET=utf8mb4;

--
-- Dumping data for table `questions`
--

INSERT INTO `questions` (`id`, `question_set_id`, `question`, `answer_1`, `answer_2`, `answer_3`, `answer_4`, `correct_answer`) VALUES
(2, 4, 'What is HTML', 'HyperText Making Language', 'HyperText Markup Language', 'HyperText Making Logistic', 'HumanText Markup Language', 'b'),
(4, 4, 'What is a div?', 'Text decorator', 'Container for elements', 'Styling tag', 'Scripting tag', 'b'),
(5, 4, 'What does a href do?', 'Url link for another page', 'Url link for css', 'Url link for js', 'Url link for windows button', 'a'),
(6, 2, 'In java statements \'while\' belongs to? ', 'Selection statements', 'Loop Statements', 'Transfer statements', 'Pause Statement', 'b'),
(7, 2, 'Which provides runtime environment for java byte code? ', 'JDK', 'JVM', 'JRE', 'JAVAC', 'b'),
(8, 2, 'What is byte code in Java? ', 'Code generated by a Java compiler', 'Code generated by a Java Virtual Machine', 'Name of Java source code file', 'Block of code written inside a class', 'a'),
(9, 2, 'Which of the following are not Java keywords ? ', 'double', 'switch', 'instaceof', 'then', 'c'),
(10, 2, 'Which of these have highest precedence? ', '()', '++', '*', '>>', 'a'),
(11, 2, 'Which of these is returned by operator \'&\' ? ', 'integer', 'character', 'boolean', 'float', 'b'),
(12, 12, 'What is a <p> tag', 'paper tag', 'python tag', 'paragraph tag', 'paste tag', 'c'),
(13, 12, 'CSS is used for?', 'script', 'style', 'server', 'git', 'b'),
(14, 12, '\'.html\' file is opened with:', 'browser', 'music player', 'video player', 'paint', 'a'),
(15, 12, 'Bootstrap is a', 'styling framework', 'serving framework', 'image framework', 'pinging framework', 'a'),
(16, 12, '<header> tag is closed by:', '</header>', '</>', '<header/>', '<!header>', 'a'),
(17, 12, 'What css styling is used for font allignment?', 'font-allign', 'text-allign', 'center-text', 'center-font', 'b'),
(18, 14, 'Java is a:', 'static programming language', 'dynamic programming language', 'hybrid programming language', 'simple programming language', 'a'),
(19, 14, 'String can be checked eqaul by:', '==', '.isEqual()', '.equals()', 'has()', 'c'),
(20, 14, 'What is method overloading?', 'craeteing function inside a function', 'creating fuction without parameters', 'creating function with same name with different parameters', 'creating function with same name without different parameters', 'c'),
(21, 14, 'Values obtained from SQL are saved in:', 'array', 'vector', 'resultset', 'datatable', 'c'),
(22, 14, 'boolean returns:', 'true,no', 'true,false', 'yes,no', 'null,not_null', 'b'),
(23, 14, 'variables can be:', 'reassigned only', 'redeclare only', 'reassigned and redecalred', 'none', 'c');

-- --------------------------------------------------------

--
-- Table structure for table `question_sets`
--

CREATE TABLE `question_sets` (
  `id` int(11) NOT NULL,
  `subject_id` int(11) NOT NULL,
  `title` varchar(191) NOT NULL
) ENGINE=InnoDB DEFAULT CHARSET=utf8mb4;

--
-- Dumping data for table `question_sets`
--

INSERT INTO `question_sets` (`id`, `subject_id`, `title`) VALUES
(2, 2, 'Java - Set A'),
(4, 3, 'HTML SET A'),
(12, 3, 'HTML SET B'),
(13, 3, 'HTML SET C'),
(14, 2, 'Java - Set B');

-- --------------------------------------------------------

--
-- Table structure for table `reports`
--

CREATE TABLE `reports` (
  `id` int(11) NOT NULL,
  `user_id` int(10) UNSIGNED DEFAULT NULL,
  `question_set_id` int(11) DEFAULT NULL,
  `total_question` int(11) DEFAULT NULL,
  `correct_answer` int(11) DEFAULT NULL,
  `percentage` decimal(10,2) DEFAULT NULL,
  `result` varchar(20) DEFAULT NULL
) ENGINE=InnoDB DEFAULT CHARSET=utf8mb4;

--
-- Dumping data for table `reports`
--

INSERT INTO `reports` (`id`, `user_id`, `question_set_id`, `total_question`, `correct_answer`, `percentage`, `result`) VALUES
(5, 5, 4, 3, 2, '66.67', 'Pass'),
(6, 5, 12, 6, 3, '50.00', 'Pass');

-- --------------------------------------------------------

--
-- Table structure for table `subjects`
--

CREATE TABLE `subjects` (
  `id` int(11) NOT NULL,
  `name` varchar(100) DEFAULT NULL
) ENGINE=InnoDB DEFAULT CHARSET=utf8mb4;

--
-- Dumping data for table `subjects`
--

INSERT INTO `subjects` (`id`, `name`) VALUES
(2, 'JAVA'),
(3, 'HTML');

-- --------------------------------------------------------

--
-- Table structure for table `users`
--

CREATE TABLE `users` (
  `id` int(10) UNSIGNED NOT NULL,
  `username` varchar(100) NOT NULL,
  `password` varchar(100) DEFAULT NULL,
  `is_admin` int(11) DEFAULT 0
) ENGINE=InnoDB DEFAULT CHARSET=utf8mb4;

--
-- Dumping data for table `users`
--

INSERT INTO `users` (`id`, `username`, `password`, `is_admin`) VALUES
(1, 'admin@admin.com', 'admin123', 1),
(3, 'albert', 'U2QeGP', 0),
(5, 'albert123', '12345', 0),
(7, 'johndoe', 'cE3ChA', 0),
(8, 'kimi_ralte', 'eE2hze', 0);

--
-- Indexes for dumped tables
--

--
-- Indexes for table `questions`
--
ALTER TABLE `questions`
  ADD PRIMARY KEY (`id`),
  ADD KEY `question_set_id` (`question_set_id`);

--
-- Indexes for table `question_sets`
--
ALTER TABLE `question_sets`
  ADD PRIMARY KEY (`id`),
  ADD KEY `subject_id` (`subject_id`);

--
-- Indexes for table `reports`
--
ALTER TABLE `reports`
  ADD PRIMARY KEY (`id`),
  ADD KEY `user_id` (`user_id`),
  ADD KEY `question_set_id` (`question_set_id`);

--
-- Indexes for table `subjects`
--
ALTER TABLE `subjects`
  ADD PRIMARY KEY (`id`);

--
-- Indexes for table `users`
--
ALTER TABLE `users`
  ADD PRIMARY KEY (`id`);

--
-- AUTO_INCREMENT for dumped tables
--

--
-- AUTO_INCREMENT for table `questions`
--
ALTER TABLE `questions`
  MODIFY `id` int(11) NOT NULL AUTO_INCREMENT, AUTO_INCREMENT=24;

--
-- AUTO_INCREMENT for table `question_sets`
--
ALTER TABLE `question_sets`
  MODIFY `id` int(11) NOT NULL AUTO_INCREMENT, AUTO_INCREMENT=15;

--
-- AUTO_INCREMENT for table `reports`
--
ALTER TABLE `reports`
  MODIFY `id` int(11) NOT NULL AUTO_INCREMENT, AUTO_INCREMENT=7;

--
-- AUTO_INCREMENT for table `subjects`
--
ALTER TABLE `subjects`
  MODIFY `id` int(11) NOT NULL AUTO_INCREMENT, AUTO_INCREMENT=4;

--
-- AUTO_INCREMENT for table `users`
--
ALTER TABLE `users`
  MODIFY `id` int(10) UNSIGNED NOT NULL AUTO_INCREMENT, AUTO_INCREMENT=9;

--
-- Constraints for dumped tables
--

--
-- Constraints for table `questions`
--
ALTER TABLE `questions`
  ADD CONSTRAINT `questions_ibfk_1` FOREIGN KEY (`question_set_id`) REFERENCES `question_sets` (`id`) ON DELETE CASCADE;

--
-- Constraints for table `question_sets`
--
ALTER TABLE `question_sets`
  ADD CONSTRAINT `question_sets_ibfk_1` FOREIGN KEY (`subject_id`) REFERENCES `subjects` (`id`) ON DELETE CASCADE;

--
-- Constraints for table `reports`
--
ALTER TABLE `reports`
  ADD CONSTRAINT `reports_ibfk_1` FOREIGN KEY (`user_id`) REFERENCES `users` (`id`) ON DELETE CASCADE,
  ADD CONSTRAINT `reports_ibfk_2` FOREIGN KEY (`question_set_id`) REFERENCES `question_sets` (`id`) ON DELETE CASCADE;
COMMIT;

/*!40101 SET CHARACTER_SET_CLIENT=@OLD_CHARACTER_SET_CLIENT */;
/*!40101 SET CHARACTER_SET_RESULTS=@OLD_CHARACTER_SET_RESULTS */;
/*!40101 SET COLLATION_CONNECTION=@OLD_COLLATION_CONNECTION */;
